"preds","include.prec","fit.type","which.data","radius","weight.style","equal.weights","response.name","weight.col","step.size","tc","cb","la","bag.fraction","mllr","parID","boot.i","test.site","nboots","metaID","ntrees","cv.init","cv","cv.red","cv.sd","cv.max","cv.min","ntest","ntest.pres"
"m",TRUE,"captures","a",0,"v",FALSE,"Mna","Trap.weight",100,2,0.5,0,0.5,2,1,1,"Badala",10,1,439,0.259681175324581,0.189432959204924,0.270517167953559,0.281957622053171,1.24065549354797,0.00701214086352781,306,0
"m",TRUE,"captures","a",0,"v",FALSE,"Mna","Trap.weight",100,2,0.5,0,0.5,2,1,1,"Bafodia",10,2,309,0.20537489124669,0.145811317090514,0.290023643078308,0.193566214962958,0.774446560430207,0.0109403229052249,857,157
"m",TRUE,"captures","a",0,"v",FALSE,"Mna","Trap.weight",100,2,0.5,0,0.5,2,1,1,"Barlie",10,3,413,0.256054623438725,0.191398636316192,0.252508571234629,0.294706759657472,1.31726376643325,0.00755892415146731,210,2
"m",TRUE,"captures","a",0,"v",FALSE,"Mna","Trap.weight",100,2,0.5,0,0.5,2,1,1,"Benduma",10,4,311,0.253451324899255,0.182531105327501,0.279817908231274,0.284892601304788,1.2267812810345,0.0114038236105697,324,8
"m",TRUE,"captures","a",0,"v",FALSE,"Mna","Trap.weight",100,2,0.5,0,0.5,2,1,1,"Gbainkfay",10,5,341,0.257195107823156,0.191914956112705,0.253815682043753,0.277845474639761,1.23082709284973,0.0114459368623757,72,0
"m",TRUE,"captures","a",0,"v",FALSE,"Mna","Trap.weight",100,2,0.5,0,0.5,2,1,1,"Gbenikoro",10,6,339,0.256134872226245,0.191284429571884,0.253188650536731,0.28514519754508,1.27768346510605,0.0101444007006748,18,0
"m",TRUE,"captures","a",0,"v",FALSE,"Mna","Trap.weight",100,2,0.5,0,0.5,2,1,1,"Guala",10,7,416,0.258888038542953,0.189260216525078,0.268949552129742,0.28554486794774,1.27282230629204,0.0075900545203539,277,0
"m",TRUE,"captures","a",0,"v",FALSE,"Mna","Trap.weight",100,2,0.5,0,0.5,2,1,1,"Kapethe",10,8,336,0.257275856585485,0.190059144681005,0.26126319350975,0.280044578649972,1.24798374210608,0.0104021607023158,264,1
"m",TRUE,"captures","a",0,"v",FALSE,"Mna","Trap.weight",100,2,0.5,0,0.5,2,1,1,"Largo",10,9,335,0.254610841915669,0.185378777587669,0.271913261065804,0.291532037099495,1.2673479872389,0.0103842860767284,483,13
"m",TRUE,"captures","a",0,"v",FALSE,"Mna","Trap.weight",100,2,0.5,0,0.5,2,1,1,"Makump",10,10,433,0.256142408409053,0.191657798495362,0.251752961620907,0.283180151194057,1.25625489530084,0.00754537180091036,27,0
"m",TRUE,"captures","a",0,"v",FALSE,"Mna","Trap.weight",100,2,0.5,0,0.5,2,1,1,"Makuna",10,11,349,0.257634397320702,0.198276925382287,0.230394204173473,0.299204827773923,1.38311043619736,0.00971006830046446,114,0
"m",TRUE,"captures","a",0,"v",FALSE,"Mna","Trap.weight",100,2,0.5,0,0.5,2,1,1,"Mokorie",10,12,407,0.256807563169841,0.192214457456964,0.251523377721388,0.283781391025431,1.26171822880277,0.00850726684244059,84,0
"m",TRUE,"captures","a",0,"v",FALSE,"Mna","Trap.weight",100,2,0.5,0,0.5,2,1,1,"Naiawama",10,13,528,0.240364669682217,0.1636069928027,0.319338432644853,0.273303218692451,1.3280027227647,0.00477814734984588,60,5
"m",TRUE,"captures","a",0,"v",FALSE,"Mna","Trap.weight",100,2,0.5,0,0.5,2,1,1,"Njaguima",10,14,377,0.2565762448669,0.19027961840952,0.258389573406423,0.28653509149376,1.2982111785356,0.00810556285586659,84,0
"m",TRUE,"captures","a",0,"v",FALSE,"Mna","Trap.weight",100,2,0.5,0,0.5,2,1,1,"Petema",10,15,396,0.257814510757316,0.19267625530651,0.252655505151613,0.28810816486434,1.30052736650872,0.00764055883047934,148,0
"m",TRUE,"captures","a",0,"v",FALSE,"Mna","Trap.weight",100,2,0.5,0,0.5,2,1,1,"Talama",10,16,398,0.247287463562322,0.180304427352466,0.270871136146273,0.299574844322679,1.37059257462076,0.0067732321024524,120,6
"m",TRUE,"captures","a",0,"v",FALSE,"Mna","Trap.weight",100,2,0.5,0,0.5,2,1,1,"Yekeyor",10,17,353,0.256565591047569,0.195986582822156,0.236115092355394,0.290476225558714,1.31262023552737,0.00880978854206682,156,1
"m",TRUE,"captures","a",0,"v",FALSE,"Mna","Trap.weight",100,2,0.5,0,0.5,2,1,1,"Bamba",10,18,365,0.257629770404191,0.192755571016601,0.251811734667971,0.284289334954181,1.26821106607156,0.00872367781613966,172,0
"m",TRUE,"captures","a",0,"v",FALSE,"Mna","Trap.weight",100,2,0.5,0,0.5,2,1,1,"Bantou",10,19,341,0.227204256824327,0.178831891807562,0.212902547218412,0.288249738469987,1.29701170699798,0.00829626773913647,3340,1670
"m",TRUE,"captures","a",0,"v",FALSE,"Mna","Trap.weight",100,2,0.5,0,0.5,2,1,1,"Gagal",10,20,260,0.25923780554807,0.191679426249058,0.26060388513235,0.290631395219325,1.33688781258798,0.0144663249494753,1020,510
"m",TRUE,"captures","a",0,"v",FALSE,"Mna","Trap.weight",100,2,0.5,0,0.5,2,1,1,"Gania",10,21,320,0.26468312711255,0.192606929639344,0.272311266152441,0.281386338249613,1.27599558407312,0.012968269321014,900,0
"m",TRUE,"captures","a",0,"v",FALSE,"Mna","Trap.weight",100,2,0.5,0,0.5,2,1,1,"Gayebombo",10,22,331,0.257699414103493,0.192929062920087,0.251340700205838,0.282463598704247,1.26968721833922,0.0108539715721744,159,0
"m",TRUE,"captures","a",0,"v",FALSE,"Mna","Trap.weight",100,2,0.5,0,0.5,2,1,1,"Gbetaya",10,23,340,0.243101696597281,0.181975071085079,0.25144466849799,0.293687640889647,1.34659781594278,0.00955191329585839,600,300
"m",TRUE,"captures","a",0,"v",FALSE,"Mna","Trap.weight",100,2,0.5,0,0.5,2,1,1,"Kaali",10,24,360,0.257771343307356,0.195038784043238,0.24336514082296,0.287005236460673,1.29705127246669,0.00976442190039318,240,0
"m",TRUE,"captures","a",0,"v",FALSE,"Mna","Trap.weight",100,2,0.5,0,0.5,2,1,1,"Khoneya",10,25,335,0.259120928021729,0.195858103436872,0.244144018269152,0.286432930156324,1.29642968451209,0.0121650346428113,327,0
"m",TRUE,"captures","a",0,"v",FALSE,"Mna","Trap.weight",100,2,0.5,0,0.5,2,1,1,"Sangassou",10,26,414,0.252598077471055,0.18620033667462,0.262859248420223,0.295286149779493,1.31475019613352,0.00808886058117019,420,210
"m",TRUE,"captures","a",0,"v",FALSE,"Mna","Trap.weight",100,2,0.5,0,0.5,2,1,1,"Tanganya",10,27,391,0.240099807970701,0.185248344426768,0.22845275890694,0.295789620595707,1.31876504504907,0.00766313968591865,3024,1512
"m",TRUE,"captures","a",0,"v",FALSE,"Mna","Trap.weight",100,2,0.5,0,0.5,2,1,1,"Yafraya",10,28,353,0.25723341482699,0.193134631870086,0.249185289555076,0.287379274223442,1.28816964493414,0.0100234311638755,102,0
"m",TRUE,"captures","a",0,"v",FALSE,"Mna","Trap.weight",100,2,0.5,0,0.5,2,1,1,"none",10,29,402,0.25245352881496,0.187359740240079,0.257844637309834,0.284979676518802,1.27829598395088,0.00810218006918289,NA,NA
"m",TRUE,"captures","a",0,"v",FALSE,"Mna","Trap.weight",100,2,0.5,0,0.5,2,1,2,"Badala",10,30,451,0.260631829475759,0.193334133078391,0.258209814713469,0.284635689005984,1.24824638263538,0.0076259038174737,306,0
"m",TRUE,"captures","a",0,"v",FALSE,"Mna","Trap.weight",100,2,0.5,0,0.5,2,1,2,"Bafodia",10,31,268,0.205739672765946,0.147959382724308,0.280841751446598,0.191916849872309,0.763056936904658,0.0128467529755027,857,157
"m",TRUE,"captures","a",0,"v",FALSE,"Mna","Trap.weight",100,2,0.5,0,0.5,2,1,2,"Barlie",10,32,361,0.2560554216192,0.187489757331824,0.267776654967087,0.283885530865687,1.2372356764205,0.00900412313604862,210,2
"m",TRUE,"captures","a",0,"v",FALSE,"Mna","Trap.weight",100,2,0.5,0,0.5,2,1,2,"Benduma",10,33,410,0.2532473154391,0.181775374328361,0.282221910178262,0.289405876540028,1.25216556414181,0.00789116736706097,324,8
"m",TRUE,"captures","a",0,"v",FALSE,"Mna","Trap.weight",100,2,0.5,0,0.5,2,1,2,"Gbainkfay",10,34,309,0.256971249262889,0.195205039500215,0.240362336019489,0.281683353830306,1.29466443554366,0.0130507988993049,72,0
"m",TRUE,"captures","a",0,"v",FALSE,"Mna","Trap.weight",100,2,0.5,0,0.5,2,1,2,"Gbenikoro",10,35,380,0.256347676486101,0.190533520035461,0.25673787003959,0.279001283083021,1.25034548062905,0.0102098116405294,18,0
"m",TRUE,"captures","a",0,"v",FALSE,"Mna","Trap.weight",100,2,0.5,0,0.5,2,1,2,"Guala",10,36,400,0.258406364880567,0.188276505747928,0.271393698700307,0.276912416380164,1.24037761661014,0.0093726844199739,277,0
"m",TRUE,"captures","a",0,"v",FALSE,"Mna","Trap.weight",100,2,0.5,0,0.5,2,1,2,"Kapethe",10,37,342,0.257250837437591,0.195201260709395,0.241202622880671,0.288796105556886,1.31931905183249,0.0101706100602003,264,1
"m",TRUE,"captures","a",0,"v",FALSE,"Mna","Trap.weight",100,2,0.5,0,0.5,2,1,2,"Largo",10,38,327,0.254363787527497,0.184053108452477,0.276417802071841,0.283067666718151,1.25213305503739,0.0106977911988931,483,13
"m",TRUE,"captures","a",0,"v",FALSE,"Mna","Trap.weight",100,2,0.5,0,0.5,2,1,2,"Makump",10,39,327,0.256348183823513,0.19303356160768,0.246986817973413,0.287984082588343,1.31890730284691,0.0114833283106725,27,0
"m",TRUE,"captures","a",0,"v",FALSE,"Mna","Trap.weight",100,2,0.5,0,0.5,2,1,2,"Makuna",10,40,360,0.256450545157187,0.190832470844889,0.255870285914498,0.278718152902176,1.245932567248,0.00893910310322375,114,0
"m",TRUE,"captures","a",0,"v",FALSE,"Mna","Trap.weight",100,2,0.5,0,0.5,2,1,2,"Mokorie",10,41,379,0.256502442630488,0.192084347737998,0.251140278555901,0.281084172479842,1.25137272413699,0.00894590528057908,84,0
"m",TRUE,"captures","a",0,"v",FALSE,"Mna","Trap.weight",100,2,0.5,0,0.5,2,1,2,"Naiawama",10,42,731,0.239978528752382,0.163089919572133,0.320397868842613,0.283017043590275,1.36665308543436,0.00288175738582596,60,5
"m",TRUE,"captures","a",0,"v",FALSE,"Mna","Trap.weight",100,2,0.5,0,0.5,2,1,2,"Njaguima",10,43,390,0.256645760686629,0.190515221546361,0.257672439097931,0.281597112852991,1.22174787549308,0.00880307767081268,84,0
"m",TRUE,"captures","a",0,"v",FALSE,"Mna","Trap.weight",100,2,0.5,0,0.5,2,1,2,"Petema",10,44,402,0.257312342325146,0.186989032696564,0.273299403336511,0.275351021523493,1.2087990432499,0.00713815120982336,148,0
"m",TRUE,"captures","a",0,"v",FALSE,"Mna","Trap.weight",100,2,0.5,0,0.5,2,1,2,"Talama",10,45,369,0.246810864766686,0.174034016689086,0.294868899496773,0.280491413270016,1.23490304021205,0.00838534418931791,120,6
"m",TRUE,"captures","a",0,"v",FALSE,"Mna","Trap.weight",100,2,0.5,0,0.5,2,1,2,"Yekeyor",10,46,501,0.256200830788574,0.188949770724212,0.262493528445503,0.285748004071748,1.22618408537991,0.00608374187029635,156,1
"m",TRUE,"captures","a",0,"v",FALSE,"Mna","Trap.weight",100,2,0.5,0,0.5,2,1,2,"Bamba",10,47,321,0.258190925912044,0.188599440092573,0.269534979099839,0.271879791515056,1.19129783502444,0.0111791435699773,172,0
"m",TRUE,"captures","a",0,"v",FALSE,"Mna","Trap.weight",100,2,0.5,0,0.5,2,1,2,"Bantou",10,48,294,0.227411418044922,0.17701389190822,0.221613877482382,0.28552423728013,1.28336148405012,0.0101594473234372,3340,1670
"m",TRUE,"captures","a",0,"v",FALSE,"Mna","Trap.weight",100,2,0.5,0,0.5,2,1,2,"Gagal",10,49,280,0.26062917846961,0.184496653036624,0.292110522237105,0.269779394625243,1.17622445728468,0.0135728928995247,1020,510
"m",TRUE,"captures","a",0,"v",FALSE,"Mna","Trap.weight",100,2,0.5,0,0.5,2,1,2,"Gania",10,50,347,0.266274647377745,0.190274925969766,0.285418541180766,0.276712429816383,1.23287336721384,0.0108311927043763,900,0
"m",TRUE,"captures","a",0,"v",FALSE,"Mna","Trap.weight",100,2,0.5,0,0.5,2,1,2,"Gayebombo",10,51,383,0.258128531102398,0.190129684947112,0.263430182881686,0.279850309738251,1.22867763842788,0.00902323269202867,159,0
"m",TRUE,"captures","a",0,"v",FALSE,"Mna","Trap.weight",100,2,0.5,0,0.5,2,1,2,"Gbetaya",10,52,440,0.243949798211367,0.176177235709519,0.277813562457336,0.284986225490077,1.24849608176884,0.00807712311401058,600,300
"m",TRUE,"captures","a",0,"v",FALSE,"Mna","Trap.weight",100,2,0.5,0,0.5,2,1,2,"Kaali",10,53,403,0.259259927444572,0.190339516782677,0.265835184562525,0.281624937238546,1.2296973999837,0.0109372508185435,240,0
"m",TRUE,"captures","a",0,"v",FALSE,"Mna","Trap.weight",100,2,0.5,0,0.5,2,1,2,"Khoneya",10,54,457,0.25974810249153,0.189593467085923,0.270087191138941,0.280610058849983,1.20496431335678,0.00859436451240222,327,0
"m",TRUE,"captures","a",0,"v",FALSE,"Mna","Trap.weight",100,2,0.5,0,0.5,2,1,2,"Sangassou",10,55,348,0.253352569134474,0.184182541033029,0.273018854072609,0.28746618634499,1.27406558764959,0.0099786025971022,420,210
"m",TRUE,"captures","a",0,"v",FALSE,"Mna","Trap.weight",100,2,0.5,0,0.5,2,1,2,"Tanganya",10,56,299,0.24064290134887,0.180363036290976,0.250495089279629,0.279274896053356,1.23911476978888,0.0123931719933883,3024,1512
"m",TRUE,"captures","a",0,"v",FALSE,"Mna","Trap.weight",100,2,0.5,0,0.5,2,1,2,"Yafraya",10,57,333,0.257683394255454,0.188877197234542,0.26701835878761,0.27725156866236,1.22069685730946,0.0109380172679563,102,0
"m",TRUE,"captures","a",0,"v",FALSE,"Mna","Trap.weight",100,2,0.5,0,0.5,2,1,2,"none",10,58,361,0.252806781927053,0.184036337481649,0.272027688186178,0.279258484181214,1.23817930682512,0.00887084621271464,NA,NA
"m",TRUE,"captures","a",0,"v",FALSE,"Mna","Trap.weight",100,2,0.5,0,0.5,2,1,3,"Badala",10,59,377,0.260302105946321,0.193427974650837,0.25690968212633,0.277078814964962,1.22150173577778,0.00878216930684366,306,0
"m",TRUE,"captures","a",0,"v",FALSE,"Mna","Trap.weight",100,2,0.5,0,0.5,2,1,3,"Bafodia",10,60,323,0.205350523412607,0.144601591053704,0.295830423752274,0.193677513479384,0.765011491554143,0.0105147082983805,857,157
"m",TRUE,"captures","a",0,"v",FALSE,"Mna","Trap.weight",100,2,0.5,0,0.5,2,1,3,"Barlie",10,61,386,0.256929922855578,0.187731160048732,0.269329325435337,0.282099511397789,1.25689226096425,0.00921667742521726,210,2
"m",TRUE,"captures","a",0,"v",FALSE,"Mna","Trap.weight",100,2,0.5,0,0.5,2,1,3,"Benduma",10,62,345,0.254144961258938,0.186596747377767,0.265786162143695,0.298949904093744,1.32393728236223,0.0100780547094636,324,8
"m",TRUE,"captures","a",0,"v",FALSE,"Mna","Trap.weight",100,2,0.5,0,0.5,2,1,3,"Gbainkfay",10,63,411,0.257065680963897,0.192616743520891,0.250710002211684,0.288850993407978,1.28767107809517,0.00854967352181244,72,0
"m",TRUE,"captures","a",0,"v",FALSE,"Mna","Trap.weight",100,2,0.5,0,0.5,2,1,3,"Gbenikoro",10,64,305,0.256787000743645,0.189212435476566,0.263154151383773,0.272093063080496,1.21290050180667,0.0123937242172646,18,0
"m",TRUE,"captures","a",0,"v",FALSE,"Mna","Trap.weight",100,2,0.5,0,0.5,2,1,3,"Guala",10,65,441,0.25945724214185,0.190695238734052,0.265022486326301,0.284778882858577,1.28090293225563,0.00820351884623814,277,0
"m",TRUE,"captures","a",0,"v",FALSE,"Mna","Trap.weight",100,2,0.5,0,0.5,2,1,3,"Kapethe",10,66,289,0.257757665115639,0.195349918766411,0.242117906837919,0.280417897581538,1.26422634053121,0.0129906569244134,264,1
"m",TRUE,"captures","a",0,"v",FALSE,"Mna","Trap.weight",100,2,0.5,0,0.5,2,1,3,"Largo",10,67,338,0.2546852727043,0.184704744132173,0.274772576478646,0.288743625653261,1.27082624967419,0.0100294465361266,483,13
"m",TRUE,"captures","a",0,"v",FALSE,"Mna","Trap.weight",100,2,0.5,0,0.5,2,1,3,"Makump",10,68,356,0.257126538658642,0.190993981470564,0.257198488857174,0.280296970026637,1.2403438414933,0.00894345255222875,27,0
"m",TRUE,"captures","a",0,"v",FALSE,"Mna","Trap.weight",100,2,0.5,0,0.5,2,1,3,"Makuna",10,69,353,0.258367957100499,0.191422462930578,0.259109120655705,0.283347484748833,1.26622288769988,0.00955030616277824,114,0
"m",TRUE,"captures","a",0,"v",FALSE,"Mna","Trap.weight",100,2,0.5,0,0.5,2,1,3,"Mokorie",10,70,376,0.257700376656335,0.193223540893997,0.250200782004767,0.287916380516482,1.29994419633831,0.00862872322847376,84,0
"m",TRUE,"captures","a",0,"v",FALSE,"Mna","Trap.weight",100,2,0.5,0,0.5,2,1,3,"Naiawama",10,71,509,0.240172811100978,0.161211970381194,0.328766775713783,0.268758712504062,1.2951994297175,0.00448295092476461,60,5
"m",TRUE,"captures","a",0,"v",FALSE,"Mna","Trap.weight",100,2,0.5,0,0.5,2,1,3,"Njaguima",10,72,411,0.257502357108551,0.19077784505466,0.25912194670033,0.285954656709825,1.2582506727993,0.00727854710278279,84,0
"m",TRUE,"captures","a",0,"v",FALSE,"Mna","Trap.weight",100,2,0.5,0,0.5,2,1,3,"Petema",10,73,370,0.258462658334,0.190332831172433,0.263596403444577,0.286518374036836,1.28748734154811,0.00814096646725705,148,0
"m",TRUE,"captures","a",0,"v",FALSE,"Mna","Trap.weight",100,2,0.5,0,0.5,2,1,3,"Talama",10,74,358,0.247813623197181,0.178077154250644,0.281406922052261,0.288603566651761,1.28475164841535,0.00926525928147008,120,6
"m",TRUE,"captures","a",0,"v",FALSE,"Mna","Trap.weight",100,2,0.5,0,0.5,2,1,3,"Yekeyor",10,75,392,0.257389721313113,0.193191500182976,0.249420298536478,0.286689434837321,1.2707006832517,0.00769491723697612,156,1
"m",TRUE,"captures","a",0,"v",FALSE,"Mna","Trap.weight",100,2,0.5,0,0.5,2,1,3,"Bamba",10,76,335,0.258852626492735,0.190855561623002,0.26268640110415,0.278511820154433,1.23868957712702,0.0110093276687609,172,0
"m",TRUE,"captures","a",0,"v",FALSE,"Mna","Trap.weight",100,2,0.5,0,0.5,2,1,3,"Bantou",10,77,288,0.225786445175538,0.175539750067472,0.222540795436154,0.277222688248011,1.24394146300511,0.01188181403953,3340,1670
"m",TRUE,"captures","a",0,"v",FALSE,"Mna","Trap.weight",100,2,0.5,0,0.5,2,1,3,"Gagal",10,78,338,0.260200569788019,0.186173202101762,0.284501174407749,0.282744144229416,1.25401019457002,0.0104267323998611,1020,510
"m",TRUE,"captures","a",0,"v",FALSE,"Mna","Trap.weight",100,2,0.5,0,0.5,2,1,3,"Gania",10,79,395,0.265271478467302,0.192408401223784,0.274673619887482,0.279852165498086,1.24074963138616,0.0132766184623218,900,0
"m",TRUE,"captures","a",0,"v",FALSE,"Mna","Trap.weight",100,2,0.5,0,0.5,2,1,3,"Gayebombo",10,80,348,0.258268266979473,0.192528112072253,0.254542130460205,0.282770916461916,1.25689318518959,0.00944737609777014,159,0
"m",TRUE,"captures","a",0,"v",FALSE,"Mna","Trap.weight",100,2,0.5,0,0.5,2,1,3,"Gbetaya",10,81,342,0.244246810146224,0.176795455135435,0.27616063837398,0.27615881130776,1.21983785437694,0.00954927887710601,600,300
"m",TRUE,"captures","a",0,"v",FALSE,"Mna","Trap.weight",100,2,0.5,0,0.5,2,1,3,"Kaali",10,82,343,0.258642730246661,0.192374498576957,0.256215326858426,0.27694261952304,1.22860820002291,0.0155714279453679,240,0
"m",TRUE,"captures","a",0,"v",FALSE,"Mna","Trap.weight",100,2,0.5,0,0.5,2,1,3,"Khoneya",10,83,332,0.259602911673551,0.191166816392299,0.263618365603347,0.277778079886561,1.23730880893333,0.0129478800130583,327,0
"m",TRUE,"captures","a",0,"v",FALSE,"Mna","Trap.weight",100,2,0.5,0,0.5,2,1,3,"Sangassou",10,84,418,0.253356778234121,0.18608234587745,0.265532395957861,0.299958554587154,1.33702060552694,0.00816978780945187,420,210
"m",TRUE,"captures","a",0,"v",FALSE,"Mna","Trap.weight",100,2,0.5,0,0.5,2,1,3,"Tanganya",10,85,324,0.241547498786467,0.180686407753511,0.251963242586744,0.285392682440567,1.26390967437604,0.0099102943277207,3024,1512
"m",TRUE,"captures","a",0,"v",FALSE,"Mna","Trap.weight",100,2,0.5,0,0.5,2,1,3,"Yafraya",10,86,351,0.257833817658483,0.190017052283374,0.263025098844622,0.277445314643336,1.22821680012822,0.0101048993063781,102,0
"m",TRUE,"captures","a",0,"v",FALSE,"Mna","Trap.weight",100,2,0.5,0,0.5,2,1,3,"none",10,87,406,0.25284924056815,0.183141387640656,0.275689390131689,0.27849277179876,1.22886722451578,0.00742916777816225,NA,NA
"m",TRUE,"captures","a",0,"v",FALSE,"Mna","Trap.weight",100,2,0.5,0,0.5,2,1,4,"Badala",10,88,425,0.260148625809843,0.193571830203076,0.255918305928057,0.287242130734668,1.27190675319947,0.00882162769129231,306,0
"m",TRUE,"captures","a",0,"v",FALSE,"Mna","Trap.weight",100,2,0.5,0,0.5,2,1,4,"Bafodia",10,89,319,0.206096657963393,0.148729386578151,0.278351293767375,0.197578017787078,0.790552124539684,0.0101380041182372,857,157
"m",TRUE,"captures","a",0,"v",FALSE,"Mna","Trap.weight",100,2,0.5,0,0.5,2,1,4,"Barlie",10,90,318,0.256376471006523,0.190155561867687,0.258295579461157,0.280537632303507,1.22225072320588,0.0110892830418749,210,2
"m",TRUE,"captures","a",0,"v",FALSE,"Mna","Trap.weight",100,2,0.5,0,0.5,2,1,4,"Benduma",10,91,370,0.254174668577938,0.186330298408819,0.266920266085902,0.287106569903754,1.22727120034047,0.00827575581415226,324,8
"m",TRUE,"captures","a",0,"v",FALSE,"Mna","Trap.weight",100,2,0.5,0,0.5,2,1,4,"Gbainkfay",10,92,319,0.25703298959254,0.196551937047994,0.235304630119359,0.29182662691197,1.32658946171033,0.0112042127569157,72,0
"m",TRUE,"captures","a",0,"v",FALSE,"Mna","Trap.weight",100,2,0.5,0,0.5,2,1,4,"Gbenikoro",10,93,314,0.255966102791234,0.192031415426752,0.249777945858039,0.279777031157724,1.23886895725005,0.0120179578346941,18,0
"m",TRUE,"captures","a",0,"v",FALSE,"Mna","Trap.weight",100,2,0.5,0,0.5,2,1,4,"Guala",10,94,496,0.258401622621919,0.189855836605738,0.265268403970024,0.295624231004835,1.32902899364216,0.00600328644259497,277,0
"m",TRUE,"captures","a",0,"v",FALSE,"Mna","Trap.weight",100,2,0.5,0,0.5,2,1,4,"Kapethe",10,95,379,0.25774247300952,0.192510540156529,0.25308957461032,0.289000715054686,1.27065097373273,0.00919851319394851,264,1
"m",TRUE,"captures","a",0,"v",FALSE,"Mna","Trap.weight",100,2,0.5,0,0.5,2,1,4,"Largo",10,96,366,0.254288223208128,0.184172488852766,0.275733313445563,0.283575694432093,1.23464369343681,0.00900681796264317,483,13
"m",TRUE,"captures","a",0,"v",FALSE,"Mna","Trap.weight",100,2,0.5,0,0.5,2,1,4,"Makump",10,97,315,0.255443309779402,0.192903171939206,0.244829813292841,0.278397511735799,1.22121178423938,0.0115933473807102,27,0
"m",TRUE,"captures","a",0,"v",FALSE,"Mna","Trap.weight",100,2,0.5,0,0.5,2,1,4,"Makuna",10,98,280,0.256747802827555,0.19436181828948,0.242985466091708,0.277532310703998,1.24676168773775,0.0144705975841634,114,0
"m",TRUE,"captures","a",0,"v",FALSE,"Mna","Trap.weight",100,2,0.5,0,0.5,2,1,4,"Mokorie",10,99,347,0.256704978547434,0.19168740672952,0.253277408898793,0.277503000540039,1.19340499233666,0.0090869034069499,84,0
"m",TRUE,"captures","a",0,"v",FALSE,"Mna","Trap.weight",100,2,0.5,0,0.5,2,1,4,"Naiawama",10,100,378,0.239801894689015,0.164841343686665,0.312593656107523,0.268398478051586,1.29134752466964,0.00764262629791793,60,5
"m",TRUE,"captures","a",0,"v",FALSE,"Mna","Trap.weight",100,2,0.5,0,0.5,2,1,4,"Njaguima",10,101,369,0.256540296594186,0.18921526396867,0.262434531803851,0.278450293751498,1.2247824702034,0.00901343584385273,84,0
"m",TRUE,"captures","a",0,"v",FALSE,"Mna","Trap.weight",100,2,0.5,0,0.5,2,1,4,"Petema",10,102,393,0.257142955742987,0.190554348669053,0.258955594881194,0.283152662066257,1.2770490916555,0.00774046859059048,148,0
"m",TRUE,"captures","a",0,"v",FALSE,"Mna","Trap.weight",100,2,0.5,0,0.5,2,1,4,"Talama",10,103,358,0.246188048364965,0.174414232758554,0.291540617357708,0.276796747028002,1.25327070218127,0.00897718198915898,120,6
"m",TRUE,"captures","a",0,"v",FALSE,"Mna","Trap.weight",100,2,0.5,0,0.5,2,1,4,"Yekeyor",10,104,424,0.255668681909818,0.191527982854462,0.250874290023448,0.28759352833989,1.27803851255494,0.00684788246708963,156,1
"m",TRUE,"captures","a",0,"v",FALSE,"Mna","Trap.weight",100,2,0.5,0,0.5,2,1,4,"Bamba",10,105,418,0.257196543721077,0.191948738758049,0.253688498371842,0.286665464721005,1.2713545198966,0.0074285116902362,172,0
"m",TRUE,"captures","a",0,"v",FALSE,"Mna","Trap.weight",100,2,0.5,0,0.5,2,1,4,"Bantou",10,106,339,0.225123755448935,0.176855623759862,0.214407100631467,0.283570957927395,1.27950847948392,0.00897545349854737,3340,1670
"m",TRUE,"captures","a",0,"v",FALSE,"Mna","Trap.weight",100,2,0.5,0,0.5,2,1,4,"Gagal",10,107,327,0.258378306608655,0.186054410743614,0.279914737480589,0.278050210494677,1.23506891819559,0.0102307373272452,1020,510
"m",TRUE,"captures","a",0,"v",FALSE,"Mna","Trap.weight",100,2,0.5,0,0.5,2,1,4,"Gania",10,108,353,0.263966628585311,0.193015061403257,0.268789913188301,0.279463862689624,1.27666640614054,0.0150540755955858,900,0
"m",TRUE,"captures","a",0,"v",FALSE,"Mna","Trap.weight",100,2,0.5,0,0.5,2,1,4,"Gayebombo",10,109,370,0.256272762347957,0.192796618312759,0.247689779645846,0.284178057474584,1.28141145437866,0.00917711380292111,159,0
"m",TRUE,"captures","a",0,"v",FALSE,"Mna","Trap.weight",100,2,0.5,0,0.5,2,1,4,"Gbetaya",10,110,406,0.242129578125421,0.178716129104256,0.261898812661034,0.288774869315679,1.29865612327509,0.00728619326555271,600,300
"m",TRUE,"captures","a",0,"v",FALSE,"Mna","Trap.weight",100,2,0.5,0,0.5,2,1,4,"Kaali",10,111,425,0.257429498094992,0.190302860492633,0.260757365022671,0.280823369061218,1.25254661922484,0.00935096611439826,240,0
"m",TRUE,"captures","a",0,"v",FALSE,"Mna","Trap.weight",100,2,0.5,0,0.5,2,1,4,"Khoneya",10,112,428,0.258108589563043,0.19261298780592,0.253752119865525,0.287334665244346,1.29424686319988,0.0106236235184086,327,0
"m",TRUE,"captures","a",0,"v",FALSE,"Mna","Trap.weight",100,2,0.5,0,0.5,2,1,4,"Sangassou",10,113,431,0.252001357831278,0.18677417232472,0.258836643055828,0.30255276793529,1.37134706220827,0.00809773081685545,420,210
"m",TRUE,"captures","a",0,"v",FALSE,"Mna","Trap.weight",100,2,0.5,0,0.5,2,1,4,"Tanganya",10,114,368,0.238474073811928,0.181064775148188,0.240736016901427,0.28650495974661,1.27628774303627,0.00857941312482986,3024,1512
"m",TRUE,"captures","a",0,"v",FALSE,"Mna","Trap.weight",100,2,0.5,0,0.5,2,1,4,"Yafraya",10,115,358,0.255721629221521,0.190044328509834,0.256831230551851,0.279789478820482,1.25138095510981,0.00917764614106866,102,0
"m",TRUE,"captures","a",0,"v",FALSE,"Mna","Trap.weight",100,2,0.5,0,0.5,2,1,4,"none",10,116,371,0.250873532779033,0.18413390096844,0.266028987080819,0.278509999875271,1.2629646087103,0.00853425616291454,NA,NA
"m",TRUE,"captures","a",0,"v",FALSE,"Mna","Trap.weight",100,2,0.5,0,0.5,2,1,5,"Badala",10,117,397,0.260298292443041,0.195518003983277,0.248869433033022,0.286183875376692,1.22982314072626,0.00846639389735437,306,0
"m",TRUE,"captures","a",0,"v",FALSE,"Mna","Trap.weight",100,2,0.5,0,0.5,2,1,5,"Bafodia",10,118,372,0.2058165088045,0.147057726109841,0.285491105820246,0.194555374765372,0.76898431826761,0.00920870093797132,857,157
"m",TRUE,"captures","a",0,"v",FALSE,"Mna","Trap.weight",100,2,0.5,0,0.5,2,1,5,"Barlie",10,119,433,0.256348373855719,0.188035752981232,0.26648353506988,0.282089341151363,1.22787893369018,0.00707845899072284,210,2
"m",TRUE,"captures","a",0,"v",FALSE,"Mna","Trap.weight",100,2,0.5,0,0.5,2,1,5,"Benduma",10,120,367,0.254572783446197,0.187208905396771,0.264615396577393,0.300035752827707,1.31074155136724,0.00824376289570729,324,8
"m",TRUE,"captures","a",0,"v",FALSE,"Mna","Trap.weight",100,2,0.5,0,0.5,2,1,5,"Gbainkfay",10,121,381,0.257148597051147,0.191395527075407,0.255700675522881,0.290462875711474,1.3029001157104,0.00941812260067202,72,0
"m",TRUE,"captures","a",0,"v",FALSE,"Mna","Trap.weight",100,2,0.5,0,0.5,2,1,5,"Gbenikoro",10,122,368,0.255990797635688,0.190881651491961,0.254341744879387,0.27993094961144,1.23063705572405,0.00902152175895565,18,0
"m",TRUE,"captures","a",0,"v",FALSE,"Mna","Trap.weight",100,2,0.5,0,0.5,2,1,5,"Guala",10,123,543,0.259490671548965,0.189295516806629,0.270511283983056,0.295135015213671,1.32599539839366,0.00537473483895648,277,0
"m",TRUE,"captures","a",0,"v",FALSE,"Mna","Trap.weight",100,2,0.5,0,0.5,2,1,5,"Kapethe",10,124,355,0.258818370935092,0.192029776656894,0.258051984628818,0.283976926203411,1.25561820040523,0.00932391591034692,264,1
"m",TRUE,"captures","a",0,"v",FALSE,"Mna","Trap.weight",100,2,0.5,0,0.5,2,1,5,"Largo",10,125,381,0.254782926074802,0.184297524544199,0.276648842277248,0.293388901150122,1.29222699687219,0.00767240958111974,483,13
"m",TRUE,"captures","a",0,"v",FALSE,"Mna","Trap.weight",100,2,0.5,0,0.5,2,1,5,"Makump",10,126,356,0.256458380306558,0.191463723905584,0.25343159511217,0.282802778079016,1.25822006371811,0.00907215107715218,27,0
"m",TRUE,"captures","a",0,"v",FALSE,"Mna","Trap.weight",100,2,0.5,0,0.5,2,1,5,"Makuna",10,127,362,0.257808847031002,0.191900934416638,0.255646434842629,0.283122045226554,1.24716973662535,0.00856366099707051,114,0
"m",TRUE,"captures","a",0,"v",FALSE,"Mna","Trap.weight",100,2,0.5,0,0.5,2,1,5,"Mokorie",10,128,317,0.25707590647176,0.189836602015088,0.26155428324458,0.274595514283044,1.21852336706211,0.0112211516266768,84,0
"m",TRUE,"captures","a",0,"v",FALSE,"Mna","Trap.weight",100,2,0.5,0,0.5,2,1,5,"Naiawama",10,129,490,0.240939325825909,0.160614382198417,0.333382453661926,0.272299878688014,1.31414077614577,0.00504369981206619,60,5
"m",TRUE,"captures","a",0,"v",FALSE,"Mna","Trap.weight",100,2,0.5,0,0.5,2,1,5,"Njaguima",10,130,385,0.257300417547575,0.192996260200792,0.249918589171715,0.285755519193337,1.27628958731327,0.00855955489723302,84,0
"m",TRUE,"captures","a",0,"v",FALSE,"Mna","Trap.weight",100,2,0.5,0,0.5,2,1,5,"Petema",10,131,404,0.257506034981537,0.189857253430803,0.262707557729994,0.28523602449325,1.27564383153651,0.00738182453149116,148,0
"m",TRUE,"captures","a",0,"v",FALSE,"Mna","Trap.weight",100,2,0.5,0,0.5,2,1,5,"Talama",10,132,392,0.247388271430078,0.173931585060688,0.296928734514206,0.28122675104249,1.25131323310039,0.00787881414309959,120,6
"m",TRUE,"captures","a",0,"v",FALSE,"Mna","Trap.weight",100,2,0.5,0,0.5,2,1,5,"Yekeyor",10,133,461,0.256205984582852,0.192816185204742,0.247417325092227,0.286417433913857,1.25002583197917,0.00671610565151125,156,1
"m",TRUE,"captures","a",0,"v",FALSE,"Mna","Trap.weight",100,2,0.5,0,0.5,2,1,5,"Bamba",10,134,428,0.257829717122827,0.190465919277082,0.261272434370527,0.281089768137572,1.22633036952786,0.0075792857041268,172,0
"m",TRUE,"captures","a",0,"v",FALSE,"Mna","Trap.weight",100,2,0.5,0,0.5,2,1,5,"Bantou",10,135,343,0.226994125251749,0.177821103659111,0.216626846787788,0.287696937094626,1.30010794485585,0.00849540045945859,3340,1670
"m",TRUE,"captures","a",0,"v",FALSE,"Mna","Trap.weight",100,2,0.5,0,0.5,2,1,5,"Gagal",10,136,382,0.258987938918477,0.186873328620458,0.278447755517753,0.286195822192446,1.26018011276208,0.00745659236454232,1020,510
"m",TRUE,"captures","a",0,"v",FALSE,"Mna","Trap.weight",100,2,0.5,0,0.5,2,1,5,"Gania",10,137,500,0.264937480113292,0.1920206182495,0.275222901012764,0.289189367202428,1.28615741062957,0.0079098453784507,900,0
"m",TRUE,"captures","a",0,"v",FALSE,"Mna","Trap.weight",100,2,0.5,0,0.5,2,1,5,"Gayebombo",10,138,451,0.257094862274902,0.19043965833017,0.259263072606483,0.286326066573185,1.24058405382652,0.0068735609365901,159,0
"m",TRUE,"captures","a",0,"v",FALSE,"Mna","Trap.weight",100,2,0.5,0,0.5,2,1,5,"Gbetaya",10,139,445,0.2427743900655,0.177586699104555,0.268511398353664,0.28693894758731,1.27618421488958,0.00636811218889304,600,300
"m",TRUE,"captures","a",0,"v",FALSE,"Mna","Trap.weight",100,2,0.5,0,0.5,2,1,5,"Kaali",10,140,433,0.258496131093448,0.193340200005149,0.252057664510054,0.288538954215559,1.28272997089069,0.0108925876628859,240,0
"m",TRUE,"captures","a",0,"v",FALSE,"Mna","Trap.weight",100,2,0.5,0,0.5,2,1,5,"Khoneya",10,141,409,0.258977466711063,0.19401354587976,0.25084777319172,0.292569092791696,1.31408650773922,0.00940457688123038,327,0
"m",TRUE,"captures","a",0,"v",FALSE,"Mna","Trap.weight",100,2,0.5,0,0.5,2,1,5,"Sangassou",10,142,434,0.252160050759774,0.185452621038351,0.264544004969977,0.299028298980502,1.33209598762474,0.0070395730402102,420,210
"m",TRUE,"captures","a",0,"v",FALSE,"Mna","Trap.weight",100,2,0.5,0,0.5,2,1,5,"Tanganya",10,143,412,0.240250751566411,0.17878831452926,0.255826200902274,0.287533552225316,1.27047227805645,0.0067665664604083,3024,1512
"m",TRUE,"captures","a",0,"v",FALSE,"Mna","Trap.weight",100,2,0.5,0,0.5,2,1,5,"Yafraya",10,144,376,0.25689246465637,0.190005547341597,0.260369323811206,0.278091665017659,1.22088780515843,0.00820943134918458,102,0
"m",TRUE,"captures","a",0,"v",FALSE,"Mna","Trap.weight",100,2,0.5,0,0.5,2,1,5,"none",10,145,340,0.25231847239862,0.185443964457074,0.265040079332344,0.278578242430812,1.26176909584829,0.00930588571978951,NA,NA
"m",TRUE,"captures","a",0,"v",FALSE,"Mna","Trap.weight",100,2,0.5,0,0.5,2,1,6,"Badala",10,146,332,0.259801845110516,0.195092866265747,0.249070513018272,0.279969785104466,1.2229430577233,0.0113202662043899,306,0
"m",TRUE,"captures","a",0,"v",FALSE,"Mna","Trap.weight",100,2,0.5,0,0.5,2,1,6,"Bafodia",10,147,326,0.20589668864148,0.148506719174134,0.278731872017993,0.197832037916019,0.811864660969572,0.0103760375572817,857,157
"m",TRUE,"captures","a",0,"v",FALSE,"Mna","Trap.weight",100,2,0.5,0,0.5,2,1,6,"Barlie",10,148,355,0.258478413698554,0.191821765039623,0.257880910460353,0.2875315353084,1.25536726071648,0.0091612781800178,210,2
"m",TRUE,"captures","a",0,"v",FALSE,"Mna","Trap.weight",100,2,0.5,0,0.5,2,1,6,"Benduma",10,149,403,0.254886707126272,0.187389070981083,0.264814265546417,0.300891549977411,1.27899884492563,0.00597232043238682,324,8
"m",TRUE,"captures","a",0,"v",FALSE,"Mna","Trap.weight",100,2,0.5,0,0.5,2,1,6,"Gbainkfay",10,150,411,0.258605497573584,0.197712734707108,0.235465848320371,0.296472572063985,1.32858419696117,0.00874147086089103,72,0
"m",TRUE,"captures","a",0,"v",FALSE,"Mna","Trap.weight",100,2,0.5,0,0.5,2,1,6,"Gbenikoro",10,151,287,0.258328877250693,0.195860117872765,0.24181872364701,0.287179296348824,1.28794640566673,0.0149162872240538,18,0
"m",TRUE,"captures","a",0,"v",FALSE,"Mna","Trap.weight",100,2,0.5,0,0.5,2,1,6,"Guala",10,152,434,0.259910794376544,0.18958838724362,0.270563626653555,0.285040535056264,1.25442497804449,0.0069997972754856,277,0
"m",TRUE,"captures","a",0,"v",FALSE,"Mna","Trap.weight",100,2,0.5,0,0.5,2,1,6,"Kapethe",10,153,344,0.259195940242363,0.195511583521599,0.245699668988704,0.286351268898358,1.2544962274826,0.0105016353629663,264,1
"m",TRUE,"captures","a",0,"v",FALSE,"Mna","Trap.weight",100,2,0.5,0,0.5,2,1,6,"Largo",10,154,411,0.256076299616032,0.186550095283136,0.271505814623008,0.294688937040894,1.25421087612401,0.0062389990510257,483,13
"m",TRUE,"captures","a",0,"v",FALSE,"Mna","Trap.weight",100,2,0.5,0,0.5,2,1,6,"Makump",10,155,309,0.258652511840647,0.194877216412101,0.246567469902776,0.282449335887594,1.25964242190783,0.0114352312307543,27,0
"m",TRUE,"captures","a",0,"v",FALSE,"Mna","Trap.weight",100,2,0.5,0,0.5,2,1,6,"Makuna",10,156,348,0.258368137517745,0.194330034396042,0.247856038817111,0.283149110662851,1.23213794893129,0.00892098392340576,114,0
"m",TRUE,"captures","a",0,"v",FALSE,"Mna","Trap.weight",100,2,0.5,0,0.5,2,1,6,"Mokorie",10,157,393,0.258847049366625,0.195055724732552,0.246444086537452,0.285848726531861,1.24271652982934,0.00754772706220315,84,0
"m",TRUE,"captures","a",0,"v",FALSE,"Mna","Trap.weight",100,2,0.5,0,0.5,2,1,6,"Naiawama",10,158,411,0.242430832319512,0.166469050842984,0.313333831137512,0.274226733139856,1.33712841135333,0.00692045150614565,60,5
"m",TRUE,"captures","a",0,"v",FALSE,"Mna","Trap.weight",100,2,0.5,0,0.5,2,1,6,"Njaguima",10,159,382,0.258951126449591,0.19215900240713,0.257933321079655,0.279708078877738,1.22985418634901,0.00713286796801575,84,0
"m",TRUE,"captures","a",0,"v",FALSE,"Mna","Trap.weight",100,2,0.5,0,0.5,2,1,6,"Petema",10,160,369,0.259291291978307,0.192473453872891,0.257694107640937,0.282377712591116,1.27446499136458,0.00715214352738262,148,0
"m",TRUE,"captures","a",0,"v",FALSE,"Mna","Trap.weight",100,2,0.5,0,0.5,2,1,6,"Talama",10,161,346,0.248723069186029,0.177184943583815,0.287621593912978,0.27905442744403,1.24965036155426,0.00875493783896707,120,6
"m",TRUE,"captures","a",0,"v",FALSE,"Mna","Trap.weight",100,2,0.5,0,0.5,2,1,6,"Yekeyor",10,162,343,0.258134133389357,0.194456106782841,0.24668580543925,0.280954358239553,1.25284174755466,0.00926482853164992,156,1
"m",TRUE,"captures","a",0,"v",FALSE,"Mna","Trap.weight",100,2,0.5,0,0.5,2,1,6,"Bamba",10,163,325,0.259699785251011,0.192737558198467,0.257844753270868,0.280320824055234,1.24918699486774,0.00988041988218192,172,0
"m",TRUE,"captures","a",0,"v",FALSE,"Mna","Trap.weight",100,2,0.5,0,0.5,2,1,6,"Bantou",10,164,320,0.228009306884013,0.178623563506999,0.216595296270676,0.285539172051486,1.28153183301996,0.00819006982785436,3340,1670
"m",TRUE,"captures","a",0,"v",FALSE,"Mna","Trap.weight",100,2,0.5,0,0.5,2,1,6,"Gagal",10,165,319,0.261263646212586,0.188264356321546,0.279408524489631,0.277407468940917,1.22109819412076,0.0103058693318432,1020,510
"m",TRUE,"captures","a",0,"v",FALSE,"Mna","Trap.weight",100,2,0.5,0,0.5,2,1,6,"Gania",10,166,329,0.266804002608309,0.194113623151359,0.272448609264928,0.277567481611431,1.24691898118805,0.0130184545517818,900,0
"m",TRUE,"captures","a",0,"v",FALSE,"Mna","Trap.weight",100,2,0.5,0,0.5,2,1,6,"Gayebombo",10,167,342,0.259445031883334,0.191952649998777,0.260141354007145,0.276509219193152,1.23130062476178,0.0102572511522751,159,0
"m",TRUE,"captures","a",0,"v",FALSE,"Mna","Trap.weight",100,2,0.5,0,0.5,2,1,6,"Gbetaya",10,168,346,0.245328483430036,0.179845088803247,0.26692128737454,0.282491310369257,1.26074187626953,0.00907920291672486,600,300
"m",TRUE,"captures","a",0,"v",FALSE,"Mna","Trap.weight",100,2,0.5,0,0.5,2,1,6,"Kaali",10,169,305,0.26016678249147,0.194661537981511,0.251781737401881,0.274006969459541,1.22150633547135,0.0139007261431637,240,0
"m",TRUE,"captures","a",0,"v",FALSE,"Mna","Trap.weight",100,2,0.5,0,0.5,2,1,6,"Khoneya",10,170,320,0.261033563159196,0.194715427766744,0.254059802079961,0.280924983504831,1.26804080334618,0.0155533784358343,327,0
"m",TRUE,"captures","a",0,"v",FALSE,"Mna","Trap.weight",100,2,0.5,0,0.5,2,1,6,"Sangassou",10,171,361,0.254237593746231,0.186923756138411,0.264767442988819,0.293924820804742,1.32055635627441,0.00986809270995031,420,210
"m",TRUE,"captures","a",0,"v",FALSE,"Mna","Trap.weight",100,2,0.5,0,0.5,2,1,6,"Tanganya",10,172,338,0.242102312711677,0.182330100143312,0.246888234560355,0.286253478714289,1.26821556447011,0.00888022787334812,3024,1512
"m",TRUE,"captures","a",0,"v",FALSE,"Mna","Trap.weight",100,2,0.5,0,0.5,2,1,6,"Yafraya",10,173,383,0.258303523604091,0.192078376643973,0.256384992492875,0.281222092575506,1.2409567049341,0.00893885007719389,102,0
"m",TRUE,"captures","a",0,"v",FALSE,"Mna","Trap.weight",100,2,0.5,0,0.5,2,1,6,"none",10,174,388,0.253546645923857,0.187132372247769,0.261941046130157,0.281593194859189,1.26157558879107,0.00770963404865654,NA,NA
"m",TRUE,"captures","a",0,"v",FALSE,"Mna","Trap.weight",100,2,0.5,0,0.5,2,1,7,"Badala",10,175,341,0.260681782633377,0.194612491378483,0.253448056812677,0.278513705714481,1.21412240260129,0.00872217204377222,306,0
"m",TRUE,"captures","a",0,"v",FALSE,"Mna","Trap.weight",100,2,0.5,0,0.5,2,1,7,"Bafodia",10,176,316,0.205515138922399,0.145263729623212,0.293172608184047,0.192329457288163,0.772175298759609,0.0117508032665465,857,157
"m",TRUE,"captures","a",0,"v",FALSE,"Mna","Trap.weight",100,2,0.5,0,0.5,2,1,7,"Barlie",10,177,422,0.256122831944038,0.188379346188983,0.264496082761791,0.286505712075973,1.25565710889281,0.00628337967803652,210,2
"m",TRUE,"captures","a",0,"v",FALSE,"Mna","Trap.weight",100,2,0.5,0,0.5,2,1,7,"Benduma",10,178,310,0.253958353261627,0.185483667979235,0.269629584547863,0.294313512089348,1.27764562758697,0.0108471620117653,324,8
"m",TRUE,"captures","a",0,"v",FALSE,"Mna","Trap.weight",100,2,0.5,0,0.5,2,1,7,"Gbainkfay",10,179,337,0.256537657502539,0.191768900665351,0.252472707000322,0.278212187263687,1.24286173134732,0.0102255275857028,72,0
"m",TRUE,"captures","a",0,"v",FALSE,"Mna","Trap.weight",100,2,0.5,0,0.5,2,1,7,"Gbenikoro",10,180,415,0.256968572165701,0.191187038782977,0.255990578257586,0.285079924952113,1.21858371578232,0.00728693985746279,18,0
"m",TRUE,"captures","a",0,"v",FALSE,"Mna","Trap.weight",100,2,0.5,0,0.5,2,1,7,"Guala",10,181,385,0.258581666882747,0.190184176575798,0.264510207283811,0.288331555363557,1.27422840385809,0.00981230518392785,277,0
"m",TRUE,"captures","a",0,"v",FALSE,"Mna","Trap.weight",100,2,0.5,0,0.5,2,1,7,"Kapethe",10,182,362,0.257948948861272,0.191900686120208,0.25605168399653,0.286135491036921,1.25956394957407,0.0104253397734452,264,1
"m",TRUE,"captures","a",0,"v",FALSE,"Mna","Trap.weight",100,2,0.5,0,0.5,2,1,7,"Largo",10,183,323,0.254353646422018,0.184811272358541,0.273408205629157,0.282016263715222,1.2185168545046,0.0111777391437287,483,13
"m",TRUE,"captures","a",0,"v",FALSE,"Mna","Trap.weight",100,2,0.5,0,0.5,2,1,7,"Makump",10,184,361,0.256858028958705,0.195907262758171,0.237293599299298,0.288910621886485,1.2734555246555,0.00997494769195321,27,0
"m",TRUE,"captures","a",0,"v",FALSE,"Mna","Trap.weight",100,2,0.5,0,0.5,2,1,7,"Makuna",10,185,441,0.257489915577024,0.191977795068618,0.254425966009567,0.280850364701912,1.21191886205479,0.00682931163964987,114,0
"m",TRUE,"captures","a",0,"v",FALSE,"Mna","Trap.weight",100,2,0.5,0,0.5,2,1,7,"Mokorie",10,186,371,0.256284964064081,0.188748347304409,0.263521572583499,0.275200535802827,1.19017339305114,0.0085870759268677,84,0
"m",TRUE,"captures","a",0,"v",FALSE,"Mna","Trap.weight",100,2,0.5,0,0.5,2,1,7,"Naiawama",10,187,451,0.240793725428894,0.164962427690355,0.314922233141546,0.276115755592973,1.33193938045853,0.00610121857125699,60,5
"m",TRUE,"captures","a",0,"v",FALSE,"Mna","Trap.weight",100,2,0.5,0,0.5,2,1,7,"Njaguima",10,188,384,0.256833427284707,0.191911080716321,0.252779972041637,0.282428751005477,1.25476115734297,0.00783417319742671,84,0
"m",TRUE,"captures","a",0,"v",FALSE,"Mna","Trap.weight",100,2,0.5,0,0.5,2,1,7,"Petema",10,189,370,0.258125304944716,0.19170465297862,0.257319413066929,0.284988117488128,1.28442318913923,0.00879616992030616,148,0
"m",TRUE,"captures","a",0,"v",FALSE,"Mna","Trap.weight",100,2,0.5,0,0.5,2,1,7,"Talama",10,190,396,0.247414742353194,0.174340163116033,0.295352566876733,0.282635993069975,1.25859997997939,0.00906822730043076,120,6
"m",TRUE,"captures","a",0,"v",FALSE,"Mna","Trap.weight",100,2,0.5,0,0.5,2,1,7,"Yekeyor",10,191,426,0.256672072442083,0.192418359680406,0.25033386823249,0.283941501415656,1.24558712970965,0.00780352507861829,156,1
"m",TRUE,"captures","a",0,"v",FALSE,"Mna","Trap.weight",100,2,0.5,0,0.5,2,1,7,"Bamba",10,192,422,0.258608478357516,0.191312724540369,0.260222535024985,0.284300158707197,1.24955446215648,0.00856965683015721,172,0
"m",TRUE,"captures","a",0,"v",FALSE,"Mna","Trap.weight",100,2,0.5,0,0.5,2,1,7,"Bantou",10,193,384,0.226308840070756,0.174777664162863,0.227702885542522,0.282755138058446,1.26065174771334,0.0079452447574302,3340,1670
"m",TRUE,"captures","a",0,"v",FALSE,"Mna","Trap.weight",100,2,0.5,0,0.5,2,1,7,"Gagal",10,194,386,0.26062502455326,0.185996026119269,0.286346249988516,0.276447777946397,1.19928658324421,0.0096616779342077,1020,510
"m",TRUE,"captures","a",0,"v",FALSE,"Mna","Trap.weight",100,2,0.5,0,0.5,2,1,7,"Gania",10,195,371,0.265097527531963,0.194493729504041,0.266331408992147,0.280225503138557,1.26558430843652,0.0112108606024349,900,0
"m",TRUE,"captures","a",0,"v",FALSE,"Mna","Trap.weight",100,2,0.5,0,0.5,2,1,7,"Gayebombo",10,196,373,0.258583174247048,0.193532951513845,0.251564019672273,0.285281618850172,1.27400835074217,0.0110511018939669,159,0
"m",TRUE,"captures","a",0,"v",FALSE,"Mna","Trap.weight",100,2,0.5,0,0.5,2,1,7,"Gbetaya",10,197,393,0.243660143229352,0.176751841890576,0.274596823477187,0.279977587153087,1.24872934713978,0.0101224998789111,600,300
"m",TRUE,"captures","a",0,"v",FALSE,"Mna","Trap.weight",100,2,0.5,0,0.5,2,1,7,"Kaali",10,198,362,0.25846439655238,0.191991364627904,0.257184481929232,0.278994036246818,1.24284672621231,0.0109206487438462,240,0
"m",TRUE,"captures","a",0,"v",FALSE,"Mna","Trap.weight",100,2,0.5,0,0.5,2,1,7,"Khoneya",10,199,387,0.259704755854949,0.1929795203548,0.256927276054263,0.283333630078575,1.26557978999971,0.0104651000552196,327,0
"m",TRUE,"captures","a",0,"v",FALSE,"Mna","Trap.weight",100,2,0.5,0,0.5,2,1,7,"Sangassou",10,200,404,0.25297772752796,0.185504665382626,0.266715425127205,0.293228441038668,1.30540818371084,0.00826439171561674,420,210
"m",TRUE,"captures","a",0,"v",FALSE,"Mna","Trap.weight",100,2,0.5,0,0.5,2,1,7,"Tanganya",10,201,326,0.240033563044004,0.181947588615584,0.24199105196706,0.283333637292916,1.26547865554441,0.0102145520231495,3024,1512
"m",TRUE,"captures","a",0,"v",FALSE,"Mna","Trap.weight",100,2,0.5,0,0.5,2,1,7,"Yafraya",10,202,391,0.257290462204122,0.189536979678885,0.263334606128868,0.278373587466395,1.22396369183006,0.00825898272846148,102,0
"m",TRUE,"captures","a",0,"v",FALSE,"Mna","Trap.weight",100,2,0.5,0,0.5,2,1,7,"none",10,203,352,0.252521902274711,0.18572227019648,0.264530052547925,0.279183196211401,1.26458722587379,0.00965635533542684,NA,NA
"m",TRUE,"captures","a",0,"v",FALSE,"Mna","Trap.weight",100,2,0.5,0,0.5,2,1,8,"Badala",10,204,297,0.259100200296324,0.195986321797006,0.243588690503274,0.278025861229152,1.22315905059166,0.0124859979421056,306,0
"m",TRUE,"captures","a",0,"v",FALSE,"Mna","Trap.weight",100,2,0.5,0,0.5,2,1,8,"Bafodia",10,205,337,0.205729659434887,0.14595974353818,0.290526490253703,0.196738159292792,0.792667050217213,0.0106014204095406,857,157
"m",TRUE,"captures","a",0,"v",FALSE,"Mna","Trap.weight",100,2,0.5,0,0.5,2,1,8,"Barlie",10,206,331,0.256709888423198,0.189216310867176,0.262917716066924,0.288758686439747,1.30060995023596,0.0103326174316808,210,2
"m",TRUE,"captures","a",0,"v",FALSE,"Mna","Trap.weight",100,2,0.5,0,0.5,2,1,8,"Benduma",10,207,335,0.25462004401453,0.185761295415778,0.270437266104714,0.295015257050693,1.31296433578265,0.00894690564388087,324,8
"m",TRUE,"captures","a",0,"v",FALSE,"Mna","Trap.weight",100,2,0.5,0,0.5,2,1,8,"Gbainkfay",10,208,352,0.258078446927806,0.195524296215474,0.24238424966123,0.288060148537323,1.297885725146,0.0105149267708854,72,0
"m",TRUE,"captures","a",0,"v",FALSE,"Mna","Trap.weight",100,2,0.5,0,0.5,2,1,8,"Gbenikoro",10,209,364,0.257061942625704,0.190151313393761,0.260289907360453,0.277115543323288,1.21552136315518,0.00941060129749959,18,0
"m",TRUE,"captures","a",0,"v",FALSE,"Mna","Trap.weight",100,2,0.5,0,0.5,2,1,8,"Guala",10,210,442,0.260041055500354,0.18594671949629,0.284933222800132,0.27382788890703,1.22502223754621,0.00755996325759177,277,0
"m",TRUE,"captures","a",0,"v",FALSE,"Mna","Trap.weight",100,2,0.5,0,0.5,2,1,8,"Kapethe",10,211,372,0.258537062961367,0.189096184461338,0.26859158104695,0.276006327963184,1.22140272727233,0.0084103181844453,264,1
"m",TRUE,"captures","a",0,"v",FALSE,"Mna","Trap.weight",100,2,0.5,0,0.5,2,1,8,"Largo",10,212,438,0.2553652564937,0.184689183530167,0.276764638752948,0.293929439303639,1.31114848512348,0.00658280235373043,483,13
"m",TRUE,"captures","a",0,"v",FALSE,"Mna","Trap.weight",100,2,0.5,0,0.5,2,1,8,"Makump",10,213,341,0.257076640209548,0.189052826324872,0.264605192557474,0.277283756834118,1.23455901934615,0.00905027631218379,27,0
"m",TRUE,"captures","a",0,"v",FALSE,"Mna","Trap.weight",100,2,0.5,0,0.5,2,1,8,"Makuna",10,214,389,0.258481572360319,0.191560934999499,0.258899064833659,0.286669330119094,1.28600864936914,0.00807789956483306,114,0
"m",TRUE,"captures","a",0,"v",FALSE,"Mna","Trap.weight",100,2,0.5,0,0.5,2,1,8,"Mokorie",10,215,417,0.257868140779721,0.18814179345645,0.270395354433619,0.275643491057929,1.19600372590882,0.0069448856298424,84,0
"m",TRUE,"captures","a",0,"v",FALSE,"Mna","Trap.weight",100,2,0.5,0,0.5,2,1,8,"Naiawama",10,216,419,0.24154921775642,0.162341996859443,0.327913381929684,0.268826392030974,1.29982090800878,0.00638785969949688,60,5
"m",TRUE,"captures","a",0,"v",FALSE,"Mna","Trap.weight",100,2,0.5,0,0.5,2,1,8,"Njaguima",10,217,368,0.257482413853462,0.191015053781393,0.258143300263981,0.284167824662288,1.26208879890831,0.00897602960223057,84,0
"m",TRUE,"captures","a",0,"v",FALSE,"Mna","Trap.weight",100,2,0.5,0,0.5,2,1,8,"Petema",10,218,368,0.258073566360375,0.189715167204109,0.264879507499851,0.281085506058112,1.25821565401419,0.00884210220298026,148,0
"m",TRUE,"captures","a",0,"v",FALSE,"Mna","Trap.weight",100,2,0.5,0,0.5,2,1,8,"Talama",10,219,490,0.247706675153403,0.177966367838342,0.281543915891131,0.292744313932004,1.28026167797268,0.00608980124571227,120,6
"m",TRUE,"captures","a",0,"v",FALSE,"Mna","Trap.weight",100,2,0.5,0,0.5,2,1,8,"Yekeyor",10,220,371,0.256906408603312,0.196290262729291,0.235946414118529,0.289139783243508,1.28919856025366,0.00870064006526086,156,1
"m",TRUE,"captures","a",0,"v",FALSE,"Mna","Trap.weight",100,2,0.5,0,0.5,2,1,8,"Bamba",10,221,350,0.258736092236703,0.193321870892259,0.252822174049843,0.282397502192797,1.25003949141629,0.0103607018796428,172,0
"m",TRUE,"captures","a",0,"v",FALSE,"Mna","Trap.weight",100,2,0.5,0,0.5,2,1,8,"Bantou",10,222,305,0.226193413666249,0.180273853910917,0.203010154058184,0.291826017666274,1.30687966022044,0.0103002791949712,3340,1670
"m",TRUE,"captures","a",0,"v",FALSE,"Mna","Trap.weight",100,2,0.5,0,0.5,2,1,8,"Gagal",10,223,387,0.260034771219136,0.190566029173993,0.2671517417438,0.295100126343577,1.30293508024949,0.00812754035769036,1020,510
"m",TRUE,"captures","a",0,"v",FALSE,"Mna","Trap.weight",100,2,0.5,0,0.5,2,1,8,"Gania",10,224,376,0.265843265969489,0.195692470606917,0.263880279632975,0.293430112917125,1.32839103058469,0.0137960422281679,900,0
"m",TRUE,"captures","a",0,"v",FALSE,"Mna","Trap.weight",100,2,0.5,0,0.5,2,1,8,"Gayebombo",10,225,418,0.258264104692103,0.193343202163646,0.25137408315358,0.286123037668308,1.24982611424406,0.00794517346482624,159,0
"m",TRUE,"captures","a",0,"v",FALSE,"Mna","Trap.weight",100,2,0.5,0,0.5,2,1,8,"Gbetaya",10,226,356,0.243379836697151,0.178867006240156,0.265070563496479,0.28786329348122,1.286545571306,0.00931668802124285,600,300
"m",TRUE,"captures","a",0,"v",FALSE,"Mna","Trap.weight",100,2,0.5,0,0.5,2,1,8,"Kaali",10,227,352,0.258492714761155,0.193958532226105,0.249655711166481,0.289127515210969,1.30262466510953,0.0131466754329946,240,0
"m",TRUE,"captures","a",0,"v",FALSE,"Mna","Trap.weight",100,2,0.5,0,0.5,2,1,8,"Khoneya",10,228,383,0.259620248748988,0.195325233334641,0.247650234233119,0.292442366408374,1.30599098319363,0.0101429276854722,327,0
"m",TRUE,"captures","a",0,"v",FALSE,"Mna","Trap.weight",100,2,0.5,0,0.5,2,1,8,"Sangassou",10,229,419,0.252879776864784,0.187088129601518,0.260169666704686,0.301040662277494,1.33698651212782,0.00724603402617504,420,210
"m",TRUE,"captures","a",0,"v",FALSE,"Mna","Trap.weight",100,2,0.5,0,0.5,2,1,8,"Tanganya",10,230,446,0.240335991790632,0.18297845697133,0.238655618710946,0.298320209837641,1.29552453446941,0.00599120962901007,3024,1512
"m",TRUE,"captures","a",0,"v",FALSE,"Mna","Trap.weight",100,2,0.5,0,0.5,2,1,8,"Yafraya",10,231,451,0.256971528806033,0.191334672743077,0.255424623762501,0.28550942293401,1.2406439115268,0.0064928819564536,102,0
"m",TRUE,"captures","a",0,"v",FALSE,"Mna","Trap.weight",100,2,0.5,0,0.5,2,1,8,"none",10,232,327,0.252469201115465,0.186429093363437,0.261576887241088,0.283867013464061,1.28895032247848,0.00995982633225146,NA,NA
"m",TRUE,"captures","a",0,"v",FALSE,"Mna","Trap.weight",100,2,0.5,0,0.5,2,1,9,"Badala",10,233,336,0.259145027561758,0.189702721777762,0.267966962119105,0.274466327823917,1.20826452545749,0.0117175878146159,306,0
"m",TRUE,"captures","a",0,"v",FALSE,"Mna","Trap.weight",100,2,0.5,0,0.5,2,1,9,"Bafodia",10,234,290,0.205645293919116,0.147588384355185,0.282315770312575,0.195428051816356,0.790228992425951,0.0125392422257687,857,157
"m",TRUE,"captures","a",0,"v",FALSE,"Mna","Trap.weight",100,2,0.5,0,0.5,2,1,9,"Barlie",10,235,429,0.256624361122534,0.187729546972325,0.268465604157169,0.285673999095459,1.27092562781721,0.00719493893389369,210,2
"m",TRUE,"captures","a",0,"v",FALSE,"Mna","Trap.weight",100,2,0.5,0,0.5,2,1,9,"Benduma",10,236,313,0.25322554005837,0.180905769418606,0.285594299149658,0.278385712186563,1.19490655970314,0.00971384073751621,324,8
"m",TRUE,"captures","a",0,"v",FALSE,"Mna","Trap.weight",100,2,0.5,0,0.5,2,1,9,"Gbainkfay",10,237,339,0.256346871149235,0.19402916519167,0.243099147955997,0.285662774949744,1.27015879831391,0.00955144105436872,72,0
"m",TRUE,"captures","a",0,"v",FALSE,"Mna","Trap.weight",100,2,0.5,0,0.5,2,1,9,"Gbenikoro",10,238,320,0.256629282971433,0.195524779243608,0.238104175097692,0.287390636834715,1.29366389612581,0.0117531327076447,18,0
"m",TRUE,"captures","a",0,"v",FALSE,"Mna","Trap.weight",100,2,0.5,0,0.5,2,1,9,"Guala",10,239,383,0.25908503451033,0.190407448768777,0.265077393880945,0.280638243174092,1.26076095817564,0.00838588086695432,277,0
"m",TRUE,"captures","a",0,"v",FALSE,"Mna","Trap.weight",100,2,0.5,0,0.5,2,1,9,"Kapethe",10,240,393,0.25822662380006,0.190708020164669,0.261470341987931,0.285577670815032,1.2602385926031,0.00810432710064538,264,1
"m",TRUE,"captures","a",0,"v",FALSE,"Mna","Trap.weight",100,2,0.5,0,0.5,2,1,9,"Largo",10,241,302,0.2541436841715,0.186412129247735,0.266508904773957,0.285037230484218,1.25903536880992,0.0116015057511161,483,13
"m",TRUE,"captures","a",0,"v",FALSE,"Mna","Trap.weight",100,2,0.5,0,0.5,2,1,9,"Makump",10,242,332,0.256829168831597,0.192647148022895,0.249901602301203,0.285670221182795,1.28821540967637,0.0105163371481437,27,0
"m",TRUE,"captures","a",0,"v",FALSE,"Mna","Trap.weight",100,2,0.5,0,0.5,2,1,9,"Makuna",10,243,340,0.256764290265473,0.19304076335828,0.248179086123337,0.290829903259884,1.31787321807418,0.00971282632397095,114,0
"m",TRUE,"captures","a",0,"v",FALSE,"Mna","Trap.weight",100,2,0.5,0,0.5,2,1,9,"Mokorie",10,244,438,0.256430603344593,0.193608601819506,0.244986365534018,0.294762822201206,1.31456814215657,0.0075621889773267,84,0
"m",TRUE,"captures","a",0,"v",FALSE,"Mna","Trap.weight",100,2,0.5,0,0.5,2,1,9,"Naiawama",10,245,461,0.239691691803995,0.163325895632178,0.318600096636907,0.269742886350535,1.30551158321481,0.00643204907799136,60,5
"m",TRUE,"captures","a",0,"v",FALSE,"Mna","Trap.weight",100,2,0.5,0,0.5,2,1,9,"Njaguima",10,246,319,0.256850339979428,0.193195367799515,0.247829036103326,0.290647803973435,1.30105570720533,0.0110711689873422,84,0
"m",TRUE,"captures","a",0,"v",FALSE,"Mna","Trap.weight",100,2,0.5,0,0.5,2,1,9,"Petema",10,247,369,0.257975520501381,0.191194392449942,0.258866143274558,0.290619901970503,1.30501361524783,0.00892199196372074,148,0
"m",TRUE,"captures","a",0,"v",FALSE,"Mna","Trap.weight",100,2,0.5,0,0.5,2,1,9,"Talama",10,248,390,0.247461363998869,0.17968842855734,0.273872795115762,0.298471135646347,1.32256497242371,0.00893769696594394,120,6
"m",TRUE,"captures","a",0,"v",FALSE,"Mna","Trap.weight",100,2,0.5,0,0.5,2,1,9,"Yekeyor",10,249,511,0.256508601134513,0.194813639939906,0.24051809928297,0.297991632702715,1.28505691757829,0.00631073157514612,156,1
"m",TRUE,"captures","a",0,"v",FALSE,"Mna","Trap.weight",100,2,0.5,0,0.5,2,1,9,"Bamba",10,250,364,0.257905270844205,0.19500542099308,0.243887415116544,0.29891408420579,1.33874741010773,0.010004466305948,172,0
"m",TRUE,"captures","a",0,"v",FALSE,"Mna","Trap.weight",100,2,0.5,0,0.5,2,1,9,"Bantou",10,251,279,0.227170815315617,0.181423360762091,0.201379100964035,0.295782478397462,1.34707626898679,0.0126517361813174,3340,1670
"m",TRUE,"captures","a",0,"v",FALSE,"Mna","Trap.weight",100,2,0.5,0,0.5,2,1,9,"Gagal",10,252,326,0.261621692166038,0.190908046703719,0.27028968766642,0.296908287584215,1.32631730031375,0.0106845104754766,1020,510
"m",TRUE,"captures","a",0,"v",FALSE,"Mna","Trap.weight",100,2,0.5,0,0.5,2,1,9,"Gania",10,253,327,0.266681697692591,0.194158743473046,0.271945749734738,0.285346203373739,1.2754473814735,0.0139418206245024,900,0
"m",TRUE,"captures","a",0,"v",FALSE,"Mna","Trap.weight",100,2,0.5,0,0.5,2,1,9,"Gayebombo",10,254,333,0.259088261534217,0.19382721303659,0.251887322533167,0.2911930407627,1.31034275947022,0.0115441641473604,159,0
"m",TRUE,"captures","a",0,"v",FALSE,"Mna","Trap.weight",100,2,0.5,0,0.5,2,1,9,"Gbetaya",10,255,351,0.244456773174462,0.177536787876782,0.273749769452784,0.284470384300549,1.24942039475345,0.00964218105833657,600,300
"m",TRUE,"captures","a",0,"v",FALSE,"Mna","Trap.weight",100,2,0.5,0,0.5,2,1,9,"Kaali",10,256,397,0.260503902222485,0.194789907135559,0.2522572388601,0.295276056769478,1.32180394315669,0.0116007168919755,240,0
"m",TRUE,"captures","a",0,"v",FALSE,"Mna","Trap.weight",100,2,0.5,0,0.5,2,1,9,"Khoneya",10,257,330,0.261055751027235,0.194511722150547,0.254903516259811,0.288512138195125,1.28251104983173,0.0136716738574066,327,0
"m",TRUE,"captures","a",0,"v",FALSE,"Mna","Trap.weight",100,2,0.5,0,0.5,2,1,9,"Sangassou",10,258,417,0.254535511466542,0.187631699961563,0.262846669682764,0.305335210496652,1.34678169695129,0.00860379489318532,420,210
"m",TRUE,"captures","a",0,"v",FALSE,"Mna","Trap.weight",100,2,0.5,0,0.5,2,1,9,"Tanganya",10,259,327,0.242438286399277,0.184365144749798,0.239537832542826,0.297897732118996,1.32664205125994,0.00995544129958421,3024,1512
"m",TRUE,"captures","a",0,"v",FALSE,"Mna","Trap.weight",100,2,0.5,0,0.5,2,1,9,"Yafraya",10,260,356,0.258310960298983,0.193473993110857,0.251003546706187,0.290922225713121,1.29326886680062,0.0104890966790451,102,0
"m",TRUE,"captures","a",0,"v",FALSE,"Mna","Trap.weight",100,2,0.5,0,0.5,2,1,9,"none",10,261,343,0.253258128373934,0.187560755828908,0.259408742245873,0.288930942805435,1.30455938912262,0.0104064059896052,NA,NA
"m",TRUE,"captures","a",0,"v",FALSE,"Mna","Trap.weight",100,2,0.5,0,0.5,2,1,10,"Badala",10,262,293,0.259662789622609,0.193366452287797,0.255317049590226,0.278932996621428,1.23933669654662,0.0132068662949166,306,0
"m",TRUE,"captures","a",0,"v",FALSE,"Mna","Trap.weight",100,2,0.5,0,0.5,2,1,10,"Bafodia",10,263,318,0.204583738814437,0.148661324025288,0.273347310559578,0.196942769242709,0.797585269578754,0.0106592402967458,857,157
"m",TRUE,"captures","a",0,"v",FALSE,"Mna","Trap.weight",100,2,0.5,0,0.5,2,1,10,"Barlie",10,264,500,0.25653872689478,0.188529366230726,0.265103680396561,0.292809606729487,1.25944970809937,0.0062136179107733,210,2
"m",TRUE,"captures","a",0,"v",FALSE,"Mna","Trap.weight",100,2,0.5,0,0.5,2,1,10,"Benduma",10,265,332,0.254417392820232,0.186568811486196,0.266682165798219,0.295508540782765,1.30364477912163,0.00997841669948346,324,8
"m",TRUE,"captures","a",0,"v",FALSE,"Mna","Trap.weight",100,2,0.5,0,0.5,2,1,10,"Gbainkfay",10,266,327,0.257913272096114,0.195525865310861,0.241892967656212,0.288448859948618,1.29843204839128,0.0105570714699424,72,0
"m",TRUE,"captures","a",0,"v",FALSE,"Mna","Trap.weight",100,2,0.5,0,0.5,2,1,10,"Gbenikoro",10,267,338,0.256590447986479,0.190571248708731,0.257294064513372,0.282430041120787,1.25507642722426,0.00994463797904989,18,0
"m",TRUE,"captures","a",0,"v",FALSE,"Mna","Trap.weight",100,2,0.5,0,0.5,2,1,10,"Guala",10,268,427,0.25929937643625,0.191175821635365,0.262721629867218,0.289098258458147,1.29184531512806,0.0081731490822905,277,0
"m",TRUE,"captures","a",0,"v",FALSE,"Mna","Trap.weight",100,2,0.5,0,0.5,2,1,10,"Kapethe",10,269,349,0.257913579921437,0.194079751831496,0.247500841597348,0.291616835223631,1.29523177955386,0.0096722398235961,264,1
"m",TRUE,"captures","a",0,"v",FALSE,"Mna","Trap.weight",100,2,0.5,0,0.5,2,1,10,"Largo",10,270,341,0.254162845216166,0.186305727818401,0.266982836692956,0.294514165284151,1.30937509920166,0.00988816074432878,483,13
"m",TRUE,"captures","a",0,"v",FALSE,"Mna","Trap.weight",100,2,0.5,0,0.5,2,1,10,"Makump",10,271,358,0.256859429840004,0.192423089884836,0.25086227122479,0.284338232190356,1.26935401779575,0.0103994986899803,27,0
"m",TRUE,"captures","a",0,"v",FALSE,"Mna","Trap.weight",100,2,0.5,0,0.5,2,1,10,"Makuna",10,272,355,0.257743495149409,0.192085347250466,0.254742211285999,0.280786780932543,1.24567384297819,0.00969223586486498,114,0
"m",TRUE,"captures","a",0,"v",FALSE,"Mna","Trap.weight",100,2,0.5,0,0.5,2,1,10,"Mokorie",10,273,340,0.257128578016596,0.191491551729129,0.255269277315535,0.279199057418488,1.24258934433136,0.0104776947031799,84,0
"m",TRUE,"captures","a",0,"v",FALSE,"Mna","Trap.weight",100,2,0.5,0,0.5,2,1,10,"Naiawama",10,274,487,0.240211342336334,0.161710514701375,0.326799004873988,0.274933474968681,1.33234630453717,0.00536206370336619,60,5
"m",TRUE,"captures","a",0,"v",FALSE,"Mna","Trap.weight",100,2,0.5,0,0.5,2,1,10,"Njaguima",10,275,361,0.25736566575287,0.191319908898211,0.256622252472783,0.281984485461064,1.21478730396685,0.00922039493932096,84,0
"m",TRUE,"captures","a",0,"v",FALSE,"Mna","Trap.weight",100,2,0.5,0,0.5,2,1,10,"Petema",10,276,320,0.258051940802542,0.191145732588866,0.259274191101211,0.283489189228529,1.26496378211485,0.0115575838727472,148,0
"m",TRUE,"captures","a",0,"v",FALSE,"Mna","Trap.weight",100,2,0.5,0,0.5,2,1,10,"Talama",10,277,385,0.247386499550751,0.178566979985876,0.278186237688193,0.287514569800388,1.22929681276674,0.00826445686500528,120,6
"m",TRUE,"captures","a",0,"v",FALSE,"Mna","Trap.weight",100,2,0.5,0,0.5,2,1,10,"Yekeyor",10,278,336,0.256559563158955,0.197867840507817,0.228764509607363,0.287462062531516,1.26963921357923,0.0114724769091871,156,1
"m",TRUE,"captures","a",0,"v",FALSE,"Mna","Trap.weight",100,2,0.5,0,0.5,2,1,10,"Bamba",10,279,322,0.257824698169304,0.194615672854463,0.245162801561138,0.280734864304932,1.24564548955341,0.0118560795515212,172,0
"m",TRUE,"captures","a",0,"v",FALSE,"Mna","Trap.weight",100,2,0.5,0,0.5,2,1,10,"Bantou",10,280,306,0.226436110249105,0.180835249427058,0.201385109344448,0.293319469409908,1.31983632876483,0.00977334677855557,3340,1670
"m",TRUE,"captures","a",0,"v",FALSE,"Mna","Trap.weight",100,2,0.5,0,0.5,2,1,10,"Gagal",10,281,290,0.260294132508224,0.188274115339313,0.276687055812276,0.274041066602802,1.19579152163292,0.0129024035125089,1020,510
"m",TRUE,"captures","a",0,"v",FALSE,"Mna","Trap.weight",100,2,0.5,0,0.5,2,1,10,"Gania",10,282,330,0.265887903348555,0.194939167592906,0.266837019894968,0.280854252451438,1.25221225764137,0.0140778990005964,900,0
"m",TRUE,"captures","a",0,"v",FALSE,"Mna","Trap.weight",100,2,0.5,0,0.5,2,1,10,"Gayebombo",10,283,345,0.258186261870892,0.192923104281195,0.252775485096614,0.278409848411237,1.19710760862649,0.0113270299897673,159,0
"m",TRUE,"captures","a",0,"v",FALSE,"Mna","Trap.weight",100,2,0.5,0,0.5,2,1,10,"Gbetaya",10,284,304,0.244062046006363,0.179166785388221,0.265896568844017,0.275006458117432,1.20696776771379,0.0121202698272295,600,300
"m",TRUE,"captures","a",0,"v",FALSE,"Mna","Trap.weight",100,2,0.5,0,0.5,2,1,10,"Kaali",10,285,313,0.258904527872869,0.194689801329138,0.248024733562259,0.275067605801158,1.1966577553549,0.0150839747708809,240,0
"m",TRUE,"captures","a",0,"v",FALSE,"Mna","Trap.weight",100,2,0.5,0,0.5,2,1,10,"Khoneya",10,286,273,0.259673458460443,0.192860479198832,0.257296142846996,0.270501736516138,1.20055681543602,0.0169267177058791,327,0
"m",TRUE,"captures","a",0,"v",FALSE,"Mna","Trap.weight",100,2,0.5,0,0.5,2,1,10,"Sangassou",10,287,433,0.253559071579506,0.186780629905085,0.2633644351923,0.296941831508057,1.30791238581701,0.00767825469972485,420,210
"m",TRUE,"captures","a",0,"v",FALSE,"Mna","Trap.weight",100,2,0.5,0,0.5,2,1,10,"Tanganya",10,288,336,0.241376722255219,0.181979350073223,0.246077466074763,0.282013673823193,1.2179403220647,0.00947327464104218,3024,1512
"m",TRUE,"captures","a",0,"v",FALSE,"Mna","Trap.weight",100,2,0.5,0,0.5,2,1,10,"Yafraya",10,289,389,0.257863501097148,0.190379510775708,0.261704312686021,0.275926350046415,1.17520112723702,0.00800863056717087,102,0
"m",TRUE,"captures","a",0,"v",FALSE,"Mna","Trap.weight",100,2,0.5,0,0.5,2,1,10,"none",10,290,280,0.253059040135253,0.187099767063284,0.260647764398045,0.274329671487391,1.23031911435334,0.0139909335155351,NA,NA
